root	sense_en	sense_fr	poetic_en	poetic_fr	lane	prompt	model
أله	to be worshipped as a deity; to be confounded or perplexed; to seek refuge or protection; to remain or dwell in a place; to protect or deliver from harm	être adoré comme une divinité ; être confondu ou perplexe ; chercher refuge ou protection ; demeurer ou habiter un lieu ; protéger ou délivrer du mal	What is turned to in awe is also the shelter from awe: the worshipped and the protector are one.	Ce vers quoi l'on se tourne avec crainte est aussi le refuge contre cette crainte : l'adoré et le protecteur ne font qu'un.	exact	046ea2b8f2ce	deepseek-ai/DeepSeek-V3.2
حمد	to praise, commend, or approve; to be praiseworthy or commendable; to find something praiseworthy or suitable; to affect praise or reproach for a favor; to be angry	louer, faire l'éloge, approuver ; être digne de louange ; trouver quelque chose louable ou convenable ; affecter des louanges ou reprocher un bienfait ; être en colère	Praise is a mirror held up to what is worthy, reflecting both admiration and the debt of thanks.	La louange est un miroir tendu à ce qui est digne, reflétant à la fois l'admiration et la dette de reconnaissance.	exact	046ea2b8f2ce	deepseek-ai/DeepSeek-V3.2
دين	to owe a debt; to judge or reckon; to submit, obey, serve; a religion, a way of life; the final reckoning, judgment	devoir une dette; juger, compter; se soumettre, obéir, servir; une religion, une manière de vivre; le jugement dernier, la rétribution	What is owed must be repaid, and what is given must be accounted: submission is the debt we owe to truth, and truth the final reckoning.	Ce qui est dû doit être rendu, et ce qui est donné doit être compté : la soumission est la dette que nous devons à la vérité, et la vérité est le jugement final.	exact	046ea2b8f2ce	deepseek-ai/DeepSeek-V3.2
ربب	to be lord and master, possessing and commanding; to rear, foster, and bring to maturity; to increase, complete, and put in right order; to season and preserve; to collect and keep together	être seigneur et maître, posséder et commander; élever, nourrir et amener à maturité; augmenter, parfaire et mettre en bon ordre; assaisonner et conserver; rassembler et maintenir ensemble	Authority that nurtures: the hand that holds the reins is the same that feeds.	L'autorité qui nourrit : la main qui tient les rênes est celle qui donne à manger.	geminate	046ea2b8f2ce	deepseek-ai/DeepSeek-V3.2
رحم	the womb as the source of life; the bond of kinship that ties life to life; mercy as the tenderness that flows from that bond; the act of showing compassion, pardoning, or bestowing favor	la matrice, source de la vie ; le lien de parenté qui unit les vies ; la miséricorde comme tendresse découlant de ce lien ; l'acte de faire preuve de compassion, de pardonner ou de favoriser	Life begins in a hidden chamber, and the same tenderness that cradles it there flows outward as the mercy that binds and heals.	La vie naît dans une chambre cachée, et cette même tendresse qui la berce là s'écoule au-dehors en miséricorde qui lie et guérit.	exact	046ea2b8f2ce	deepseek-ai/DeepSeek-V3.2
سمو	to be high, lofty, or elevated; to name, to call by a name; the sky or heaven; a name, a noun; to vie, to compete for superiority; to hunt, to pursue game	être haut, élevé, sublime ; nommer, donner un nom ; le ciel, le firmament ; un nom, un substantif ; rivaliser, lutter pour la supériorité ; chasser, poursuivre le gibier	What is named is lifted from the common ground, as the sky is lifted from the earth, and the hunter lifts his eyes to the distant form.	Nommer, c'est élever une chose au-dessus de l'indistinct, comme le ciel s'élève au-dessus de la terre, et comme le chasseur lève les yeux vers la forme lointaine.	exact	046ea2b8f2ce	deepseek-ai/DeepSeek-V3.2
صرط	A road or way, especially one that is straight and clear; a bridge, narrow and perilous, over an abyss; a long, sharp sword;	Une route ou un chemin, notamment droit et clair; un pont, étroit et périlleux, franchissant un abîme; une épée longue et tranchante;	What is laid out to be followed, whether for the foot on a journey or for the soul at the crossing.	Ce qui est tracé pour être suivi, que ce soit par le pied dans un voyage ou par l'âme à la traversée.	exact	046ea2b8f2ce	deepseek-ai/DeepSeek-V3.2
ضلل	to stray from the way; to be lost or hidden; to cause to stray; to be wasted or annulled; to be forgotten or absent	s'égarer du chemin; se perdre ou se cacher; faire égarer; être gaspillé ou annulé; être oublié ou absent	What is missed is no longer present: the path not found, the thing mislaid, the labour gone for nothing.	Ce qui est manqué n'est plus présent : le chemin qu'on ne trouve pas, l'objet égaré, le travail réduit à néant.	geminate	046ea2b8f2ce	deepseek-ai/DeepSeek-V3.2
عبد	to serve, worship, obey with humility; to be a slave, be in servitude; to be angry, disdain, scorn; to be covetous, cling to; to be mangy, scabby; to make submissive, enslave, beat a path; to depart hastily; to devote oneself to religious service	servir, adorer, obéir avec humilité; être esclave, être en servitude; être en colère, dédaigner, mépriser; être avide, s’attacher à; être galeux, teigneux; rendre soumis, asservir, aplanir un chemin; partir précipitamment; se consacrer au culte	The slave’s lowered head and the worshipper’s bowed back are one posture: service that binds the will.	La tête baissée de l’esclave et le dos courbé de l’adorateur sont une même posture : le service qui lie la volonté.	exact	046ea2b8f2ce	deepseek-ai/DeepSeek-V3.2
علم	to know, to be certain; to teach, to make known; to mark, to set a sign; to be learned, to possess knowledge; to be a world, a distinct realm; to be a mountain, a landmark	savoir, être certain ; enseigner, faire connaître ; marquer, signaler ; être savant, posséder la science ; être un monde, un domaine distinct ; être une montagne, un repère	Knowledge is a mark set upon the soul, a mountain that divides the known world from the unseen.	Le savoir est une marque posée sur l'âme, une montagne qui sépare le monde connu de l'invisible.	exact	046ea2b8f2ce	deepseek-ai/DeepSeek-V3.2
عون	to aid or assist, as one who lends strength to another; to seek aid, calling on a helper; a helper, one who gives support; a thing that aids, a means or instrument; middle-aged, at the full strength of maturity; the pubic hair, a sign of maturity	aider ou assister, comme celui qui prête sa force à autrui ; chercher de l’aide, en appelant un secours ; un aide, celui qui soutient ; ce qui aide, un moyen ou un instrument ; d’âge mûr, à la force accomplie ; le poil pubien, signe de la maturité	Aid is the strength lent when one’s own is spent: the outstretched hand, the mature tree, the tool taken up.	L’aide est la force prêtée quand la sienne s’épuise : la main tendue, l’arbre dans sa force, l’outil saisi.	exact	046ea2b8f2ce	deepseek-ai/DeepSeek-V3.2
غضب	to be angry, to burn with indignation; to break off in anger; a fierce boiling; a hard, fixed rock; the lion, the bull; motes in the eye, a skin eruption; stern, malignant	être en colère, brûler d'indignation; rompre avec colère; une ébullition violente; un rocher dur et fixe; le lion, le taureau; des corps flottants dans l'œil, une éruption cutanée; sévère, malveillant	Heat that cannot be contained: the scald of the pot, the glare of the eye, the lion's charge.	Une chaleur qui ne peut être contenue : l'ébullition de la marmite, l'éclat du regard, la charge du lion.	exact	046ea2b8f2ce	deepseek-ai/DeepSeek-V3.2
غير	to change, alter, or exchange; to be other than, not, or except; to be jealous or protective; to provide or benefit	changer, altérer ou échanger ; être autre que, ne pas être ou sauf ; être jaloux ou protecteur ; pourvoir ou bénéficier	What is other stands apart, and to change a thing is to set it apart from what it was.	Ce qui est autre se tient à part, et changer une chose, c'est la mettre à part de ce qu'elle était.	exact	046ea2b8f2ce	deepseek-ai/DeepSeek-V3.2
قوم	to stand, be upright; to rise, to stand up; to establish, set up, make firm; to maintain, sustain, manage; to be straight, correct, right; a people, community, those who stand together	se tenir debout, être droit; se lever, se dresser; établir, fonder, affermir; maintenir, soutenir, gérer; être droit, correct, juste; un peuple, une communauté, ceux qui se tiennent ensemble	What stands can be counted on: the pillar that holds up the roof, the people who keep their word, the straight path that does not waver.	Ce qui se tient debout est fiable : la colonne qui soutient le toit, le peuple qui tient parole, le chemin droit qui ne dévie pas.	exact	046ea2b8f2ce	deepseek-ai/DeepSeek-V3.2
ملك	to possess, to own, to have exclusive control; to rule, to exercise authority over; to be made king, to be given dominion; to knead thoroughly, to work into a firm mass; to take possession by force; to be unable to restrain oneself; an angel, a being of the unseen world; a kingdom, a realm; a slave, a chattel	posséder, être propriétaire, avoir le contrôle exclusif; régner, exercer l'autorité; être fait roi, recevoir la souveraineté; pétrir à fond, travailler une pâte; s'emparer par la force; ne pouvoir se retenir; un ange, un être du monde invisible; un royaume, un domaine; un esclave, un bien	Authority is a substance held: the kneaded dough, the owned estate, the ruled kingdom, and the angelic force that executes a will.	L'autorité est une substance tenue : la pâte pétrie, le domaine possédé, le royaume gouverné, et la force angélique qui exécute une volonté.	exact	046ea2b8f2ce	deepseek-ai/DeepSeek-V3.2
نعم	to be soft, tender, and flourishing; to live in ease and plenty; to bestow favor and blessing; cattle as a source of ease and sustenance; an expression of affirmation; a state of delight and pleasure	être doux, tendre et florissant; vivre dans l'aisance et l'abondance; accorder une faveur et une bénédiction; le bétail comme source de bien-être et de subsistance; une expression d'affirmation; un état de délice et de plaisir	Softness yields abundance: the tender shoot, the pampered life, the gift that makes one say 'yes'.	La douceur engendre l'abondance : la pousse tendre, la vie choyée, le don qui fait dire 'oui'.	exact	046ea2b8f2ce	deepseek-ai/DeepSeek-V3.2
هدي	to direct someone onto a path; to conduct a bride to her husband; to make a truce; to find or follow the right way; a present or offering; a sacrificial animal brought to the Kaaba	diriger quelqu’un sur un chemin ; conduire la mariée à son époux ; faire une trêve ; trouver ou suivre la bonne voie ; un présent ou une offrande ; un animal sacrificiel amené à la Kaaba	The guide sets the course, the gift marks the destination: both are a leading toward what is sought.	Le guide trace la route, le cadeau marque l’arrivée : l’un et l’autre mènent vers ce que l’on désire.	exact	046ea2b8f2ce	deepseek-ai/DeepSeek-V3.2
يوم	A day, from dawn to sunset; a period of time, an epoch; a day of conflict or momentous event; a day's journey; day after day, the passing of time;	Un jour, de l'aube au couchant ; une période de temps, une époque ; un jour de conflit ou d'événement décisif ; une journée de marche ; jour après jour, l'écoulement du temps ;	The measure of a span, whether of light, of travel, or of fate.	La mesure d'une durée, qu'elle soit de lumière, de voyage ou de destin.	exact	046ea2b8f2ce	deepseek-ai/DeepSeek-V3.2
أله	to be worshipped, as a deity is; to be confounded, as one who cannot see the way; to take refuge in, as one seeks protection; to serve or adore, as a devotee does; to be a god, as an object of devotion; to be divine, as theology speaks	être adoré, comme une divinité ; être confondu, comme celui qui ne voit plus son chemin ; se réfugier auprès de, comme on cherche protection ; servir ou vénérer, comme un dévot ; être un dieu, comme objet de culte ; être divin, comme en parle la théologie	What is turned to in bewilderment becomes the object of awe: the lost mind and the worshipped name.	Ce à quoi on se réfère dans la perplexité devient l'objet de la vénération : l'esprit égaré et le nom adoré.	exact	0741963c5b1e	deepseek-ai/DeepSeek-V3.2
حمد	to praise, commend, or approve; to be praiseworthy, laudable, or commendable; to express gratitude or thanks; to find something suitable or convenient; to affect or pretend to praise; to reproach by recounting favors	louer, faire l'éloge, approuver ; être digne de louange, louable ; exprimer sa gratitude ou ses remerciements ; trouver quelque chose convenable ou approprié ; affecter ou feindre de louer ; reprocher en rappelant des bienfaits	Praise is the echo of a quality seen: it names what is worthy, and in naming, makes it a standard.	La louange est l'écho d'une qualité perçue : elle nomme ce qui est digne, et en le nommant, en fait une mesure.	exact	0741963c5b1e	deepseek-ai/DeepSeek-V3.2
دين	to obey, as a servant obeys a master; to be indebted, as one who owes a debt; to judge or rule, as a sovereign governs; to repay or requite, as a deed is recompensed; to be accustomed, as a habit is ingrained; to be diseased, as a body is afflicted	obéir, comme un serviteur obéit à son maître; être endetté, comme celui qui doit une dette; juger ou gouverner, comme un souverain règne; rendre la pareille, comme une action est récompensée; être habitué, comme une coutume est ancrée; être malade, comme un corps est affligé	What is owed bends the back: the servant's bow, the debtor's burden, the judge's scale.	Ce qui est dû courbe l'échine : la révérence du serviteur, le fardeau du débiteur, la balance du juge.	exact	0741963c5b1e	deepseek-ai/DeepSeek-V3.2
ربب	to be lord, master, or possessor; to rear, foster, and bring to maturity; to increase, complete, or put in right order; to season or preserve; to remain, abide, or keep to a place	être seigneur, maître ou possesseur ; élever, nourrir et amener à maturité ; augmenter, compléter ou mettre en bon ordre ; assaisonner ou conserver ; demeurer, rester ou s’attacher à un lieu	What is owned is tended, what is tended grows firm: authority and care are one hand.	Ce qui est possédé est soigné, ce qui est soigné s’affermit : l’autorité et le soin ne font qu’une main.	geminate	0741963c5b1e	deepseek-ai/DeepSeek-V3.2
رحم	to have tenderness of heart and an inclination to favour; to show mercy, compassion, or forgiveness; to be connected by kinship, as by the womb; to suffer a complaint of the womb after birth; to be left neglected and spoilt, as a water-skin	avoir de la tendresse dans le cœur et une inclination à favoriser ; faire preuve de miséricorde, de compassion ou de pardon ; être lié par la parenté, comme par la matrice ; souffrir d’une affection de la matrice après l’accouchement ; être laissé à l’abandon et se gâter, comme une outre	The womb is the first bond, a tenderness that ties kin and moves the heart to spare.	La matrice est le premier lien, une tendresse qui unit la parenté et incline le cœur à l’indulgence.	exact	0741963c5b1e	deepseek-ai/DeepSeek-V3.2
سمو	to be high or lofty, as the sky; to raise or elevate, as a name distinguishes a thing; to name, as assigning a designation; to vie in height or excellence; to hunt by pursuing upward; to aspire, as ambition soars	être haut ou élevé, comme le ciel ; élever ou hausser, comme un nom distingue une chose ; nommer, en attribuant une désignation ; rivaliser en hauteur ou en excellence ; chasser en poursuivant vers le haut ; aspirer, comme l'ambition s'élève	Height is the condition of naming: what is raised above the rest receives a mark, and the mark itself lifts the thing into view.	La hauteur est la condition du nom : ce qui est élevé au-dessus du reste reçoit une marque, et la marque elle-même élève la chose en vue.	exact	0741963c5b1e	deepseek-ai/DeepSeek-V3.2
صرط	to be a clear and direct way, as a road; to be a prescribed course, as a law or doctrine; to be a bridge of passage, as the Sirāṭ over Hell	être un chemin clair et direct, comme une route ; être une voie prescrite, comme une loi ou une doctrine ; être un pont de passage, comme le Sirāṭ au-dessus de l'Enfer	What is laid out must be traversed: the road that guides and the bridge that tests.	Ce qui est tracé doit être franchi : la route qui guide et le pont qui éprouve.	exact	0741963c5b1e	deepseek-ai/DeepSeek-V3.2
أله	To be the object of worship, devotion, or ultimate recourse; to be taken as a god or deity; to be confounded or overwhelmed by majesty, seeking protection or aid; to serve or adore; to devote oneself to religious exercises; to be enslaved or made a servant	Être l'objet d'adoration, de dévotion ou de recours ultime ; être pris pour un dieu ou une divinité ; être confondu ou accablé par la majesté, cherchant protection ou secours ; servir ou adorer ; se consacrer à des exercices religieux ; être asservi ou fait serviteur	The heart turns to what it cannot grasp, and names the turning its god.	Le cœur se tourne vers ce qu'il ne peut saisir, et nomme ce mouvement son dieu.	exact	e212750244e2	deepseek-ai/DeepSeek-V3.2
حمد	to speak well of someone for a quality they have chosen; to approve a thing as fit for its purpose; to be in a state that draws approval; to recount a favor in a way that reproaches the recipient; to affect praise without the substance; to demand praise by the act of benefiting	louer quelqu’un pour une qualité qu’il a choisie ; approuver une chose comme convenant à son usage ; se trouver dans un état qui attire l’approbation ; rappeler un bienfait d’une manière qui reproche ; affecter des louanges sans le fond ; réclamer des louanges par l’acte de bienfaisance	Approval names what is freely given, and the one who gives it cannot take the name back.	L’approbation nomme ce qui est donné librement, et celui qui donne ne peut reprendre le nom.	exact	e212750244e2	deepseek-ai/DeepSeek-V3.2
دين	to owe a debt, to be under obligation; to repay, to settle accounts; to judge, to hold to account; to submit, to serve; to follow a religion, to adopt a creed; to be accustomed, to be in a state	devoir, être redevable; s'acquitter, régler un compte; juger, rendre compte; se soumettre, servir; suivre une religion, adopter une croyance; être habitué, être dans un état	What is owed must be settled, and what is settled becomes the rule one lives by.	Ce qui est dû doit être réglé, et ce qui est réglé devient la règle que l'on suit.	exact	e212750244e2	deepseek-ai/DeepSeek-V3.2
ربب	To possess and command as a master; to rear and nurture to maturity; to increase and bring to completion; to season and preserve; to collect and keep together; to abide and remain steadfast	Posséder et commander en maître; élever et nourrir jusqu'à maturité; accroître et mener à son achèvement; assaisonner et conserver; rassembler et maintenir ensemble; demeurer et persévérer	The hand that holds authority is the same that fosters growth, gathering what it preserves into a lasting whole.	La main qui exerce l'autorité est celle qui nourrit la croissance, rassemblant ce qu'elle préserve en un tout durable.	geminate	e212750244e2	deepseek-ai/DeepSeek-V3.2
رحم	To be tender-hearted, to show mercy or compassion; to pardon or forgive; to be connected by blood or kinship, as the womb is the source of life and family ties; to have a womb, to be afflicted in the womb; to be left neglected and thus spoiled, as a water-skin that loses its water.	Être tendre, faire preuve de miséricorde ou de compassion ; pardonner ; être lié par le sang ou la parenté, l'utérus étant la source de la vie et des liens familiaux ; avoir un utérus, être affligé d'une maladie de l'utérus ; être laissé à l'abandon et ainsi se gâter, comme une outre qui perd son eau.	The womb that gives life is the same tenderness that spares and forgives, a kinship that binds and a mercy that flows unearned.	L'utérus qui donne la vie est la même tendresse qui épargne et pardonne, une parenté qui lie et une miséricorde qui coule sans être méritée.	exact	e212750244e2	deepseek-ai/DeepSeek-V3.2
سمو	To be high, lofty, or elevated; to rise, to ascend; to name, to call by a name; to be noble or exalted in rank; to vie or compete for superiority; to hunt or pursue game; to be fixed or appointed	Être haut, élevé, sublime ; s'élever, monter ; nommer, désigner par un nom ; être noble ou de rang élevé ; rivaliser, lutter pour la supériorité ; chasser, poursuivre le gibier ; être fixé, déterminé	What is named is lifted from the common ground and set apart, as the sky is lifted from the earth.	Nommer, c'est élever une chose au-dessus de l'indistinct, comme le ciel se dresse au-dessus de la terre.	exact	e212750244e2	deepseek-ai/DeepSeek-V3.2
صرط	To cut a clear line through; to mark a course that runs straight; to be a road one follows; to be a bridge, narrow and perilous, over an abyss; to be a sword, long and sharp-edged	Tracer une ligne droite et nette; marquer une voie que l’on suit; être un chemin frayé; être un pont étroit et périlleux au-dessus d’un abîme; être une épée longue et tranchante	What is cut leaves no doubt: the road, the blade, and the crossing are all a single edge.	Ce qui est tranché ne laisse aucun doute : la route, la lame et la traversée ne sont qu’un seul fil.	exact	e212750244e2	deepseek-ai/DeepSeek-V3.2
ضلل	To lose the way, to wander from the path; to be hidden, absent, or forgotten; to cause to lose the way, to mislead; to be lost, to perish, to come to nothing; to be confounded or perplexed; to be in error, to deviate from what is right	Perdre son chemin, s'égarer ; être caché, absent ou oublié ; faire perdre le chemin, égarer ; être perdu, périr, s'anéantir ; être confondu ou perplexe ; être dans l'erreur, dévier de ce qui est droit	The path not found is a vanishing: what is missed, what is concealed, and what is wasted are all a single turning-away.	Le chemin non trouvé est une disparition : ce qui est manqué, ce qui est caché et ce qui est gaspillé ne sont qu'un seul égarement.	geminate	e212750244e2	deepseek-ai/DeepSeek-V3.2
عبد	To be in a state of servitude, bound to a master; to worship, obeying with humility and devotion; to be angry, scorning or disdaining; to be worn down, as a path by treading or a camel by fatigue; to be covetous, clinging inseparably; to be mangy or scabby, afflicted and set apart	Être dans un état de servitude, lié à un maître ; adorer, obéir avec humilité et dévotion ; être en colère, méprisant ou dédaigneux ; être usé, comme un chemin par le passage ou un chameau par la fatigue ; être avide, s’accrochant inséparablement ; être galeux, affligé et mis à l’écart	The bound condition is also the devoted one: the same submission that makes a slave makes a worshipper, and the same wear that breaks a path breaks a beast.	La condition d’asservissement est aussi celle de la dévotion : la même soumission qui fait l’esclave fait l’adorateur, et la même usure qui trace le chemin épuise la bête.	exact	e212750244e2	deepseek-ai/DeepSeek-V3.2
علم	To know, to be certain of; to teach, to make known; to mark, to set a sign; to be learned, to possess knowledge; to be a mountain, a landmark, a banner; to be the world, the universe	Savoir, être certain ; enseigner, faire connaître ; marquer, signaler ; être savant, posséder la science ; être une montagne, un repère, un étendard ; être le monde, l'univers	Knowledge is a mark set upon the world, a mountain that guides and a banner that gathers.	Le savoir est une marque posée sur le monde, une montagne qui guide et un étendard qui rassemble.	exact	e212750244e2	deepseek-ai/DeepSeek-V3.2
عون	To give aid or assistance, to help another in an affair; to seek aid from another, to call on for help; to be of middle age, neither young nor old, as a cow or a woman; to be a helper or an armed attendant; to be a means, an instrument, or a support for an action; to be the hair of the pubes, that which grows and covers	Donner de l'aide ou du secours, assister quelqu'un dans une affaire ; chercher de l'aide auprès d'autrui, faire appel à ; être d'âge mûr, ni jeune ni vieux, comme une vache ou une femme ; être un auxiliaire, un garde ou un serviteur ; être un moyen, un instrument ou un soutien pour une action ; être le poil du pubis, ce qui pousse et couvre	What is sought in need is also what stands by: the mature beast, the attendant, the instrument in hand.	Ce qu'on cherche dans le besoin est aussi ce qui se tient à côté : la bête mûre, le garde, l'instrument en main.	exact	e212750244e2	deepseek-ai/DeepSeek-V3.2
غضب	To be angry, a heat that rises and demands redress; to be red and dense, like a boiling pot or a deep ember; to be hard and unyielding, as a fixed rock; to be stern and malignant, like a serpent's gaze; to break off in anger, quitting a person or a place	Être en colère, une chaleur qui monte et exige réparation ; être rouge et dense, comme un pot qui bout ou une braise profonde ; être dur et inflexible, comme un roc fixe ; être sévère et malveillant, tel le regard d'un serpent ; rompre dans la colère, quitter une personne ou un lieu	The blood's heat that seeks to settle a score, a colour that deepens and a bond that breaks.	La chaleur du sang qui cherche à régler un compte, une couleur qui s'assombrit et un lien qui se rompt.	exact	e212750244e2	deepseek-ai/DeepSeek-V3.2
غير	To alter or change a thing from its former state; to exchange one thing for another; to be other than, to differ from; to be jealous, to guard against suspicion; to provide for, to benefit with abundance	Changer une chose de son état antérieur ; échanger une chose contre une autre ; être autre que, différer de ; être jaloux, se garder du soupçon ; pourvoir, bénéficier d'abondance	What is altered becomes other than itself, and what is guarded against suspicion is kept from change.	Ce qui est altéré devient autre que soi, et ce qui est préservé du soupçon est soustrait au changement.	exact	e212750244e2	deepseek-ai/DeepSeek-V3.2
قوم	to stand upright, to rise from sitting; to remain in place, to stay; to undertake a task, to manage or maintain; to set right, to make straight; to be established, to subsist; to be a people, a community	se tenir debout, se lever ; rester en place, demeurer ; entreprendre une tâche, gérer ou maintenir ; redresser, rendre droit ; être établi, subsister ; être un peuple, une communauté	What stands upright holds the ground it stands on: the pillar, the people, the straight path.	Ce qui se tient droit tient le sol sur lequel il se dresse : le pilier, le peuple, la voie droite.	exact	e212750244e2	deepseek-ai/DeepSeek-V3.2
ملك	to possess and hold as one's own; to exercise command and authority; to rule as a king; to have power over; to be an angel, a being of pure command; to be made to possess or to rule	posséder et détenir en propre ; exercer le commandement et l'autorité ; régner en souverain ; avoir pouvoir sur ; être un ange, un être de pur commandement ; être établi dans la possession ou la royauté	What is held cannot be held loosely: the grip of ownership, the scepter of rule, the angel's unyielding charge.	Ce qui est tenu ne peut être tenu à la légère : l'emprise de la possession, le sceptre du règne, la charge inflexible de l'ange.	exact	e212750244e2	deepseek-ai/DeepSeek-V3.2
نعم	To be soft, tender, and flourishing; to live in ease and plenty; to confer a benefit or favor; to be excellent or most excellent; to be as cattle, grazing and tended; to enjoy a state of bliss or delight	Être doux, tendre et florissant ; vivre dans l'aisance et l'abondance ; conférer un bienfait ou une faveur ; être excellent ou le plus excellent ; être comme du bétail, paissant et entretenu ; jouir d'un état de félicité ou de délice	What is given in softness cannot be taken back: the lush pasture, the pampered life, and the open hand.	Ce qui est donné dans la douceur ne peut être repris : le pâturage luxuriant, la vie choyée et la main ouverte.	exact	e212750244e2	deepseek-ai/DeepSeek-V3.2
هدي	To guide someone to a way, showing them the path; to direct aright, whether in travel or in conduct; to send or conduct, as a bride to her husband; to make a truce, each party guiding themselves to peace; to find or take the right way oneself; to offer a gift, especially a sacrificial animal, as a gesture of honour or devotion	Guider quelqu’un vers un chemin, lui indiquer la voie ; diriger droitement, que ce soit dans un déplacement ou dans une conduite ; conduire, comme une épouse vers son époux ; faire une trêve, chaque partie se guidant vers la paix ; trouver ou prendre soi-même le bon chemin ; offrir un présent, notamment une bête sacrificielle, en signe d’honneur ou de dévotion	The hand that points the road is the same that brings the gift: direction given and honour rendered are a single motion.	La main qui montre la route est celle qui apporte l’offrande : indiquer la voie et rendre honneur ne font qu’un seul geste.	exact	e212750244e2	deepseek-ai/DeepSeek-V3.2
يوم	To mark a span of time, from a single revolution of the sun to an epoch; to be the appointed time for an event or a reckoning; to be a day of conflict or trial; to recur day after day	Désigner une durée, d’une révolution du soleil à une époque ; être le moment fixé pour un événement ou un jugement ; être un jour de combat ou d’épreuve ; revenir jour après jour	The sun’s circuit measures both the mundane and the momentous, the daily return and the day of final account.	Le cours du soleil mesure à la fois le quotidien et l’événement, le retour journalier et le jour du règlement des comptes.	exact	e212750244e2	deepseek-ai/DeepSeek-V3.2
